0,-0.54144,0.477201
0.996094,-0.789218,0.468024
1.99219,-0.880987,0.302839
2.98828,-1.00029,0.0917695
3.98438,-1.12876,-0.0458847
4.98047,-1.13794,-0.357901
5.97656,-0.972757,-0.770864
6.97266,-0.504732,-0.816748
7.96875,0.0825925,-0.54144
8.96484,0.220247,-0.495555
9.96094,-0.266132,-0.642386
10.957,-0.853456,-0.532263
11.9531,-0.954403,-0.229424
12.9492,-0.789218,-0.128477
13.9453,-0.835102,-0.0825925
14.9414,-0.724979,0.174362
15.9375,-0.165185,0.385432
16.9336,0.128477,0.339547
17.9297,-0.201893,0.201893
18.9258,-0.559794,0.174362
19.9219,-0.486378,0.256955
20.918,-0.229424,0.293662
21.9141,-0.00917695,0.128477
22.9102,0.348724,-0.201893
23.9063,0.798395,-0.431317
24.9023,0.761687,-0.42214
25.8984,0.137654,-0.339547
26.8945,-0.42214,-0.33037
27.8906,-0.403786,-0.357901
28.8867,0.0367078,-0.284485
29.8828,0.495555,-0.1193
30.8789,0.504732,-0.0275308
31.875,-0.0367078,-0.0458847
32.8711,-0.412963,-0.1193
33.8672,0.0183539,-0.110123
34.8633,0.614856,0.0275308
35.8594,0.513909,-0.00917695
36.8555,-0.0183539,-0.339547
37.8516,-0.431317,-0.440494
38.8477,-0.688271,0.201893
39.8438,-0.807572,1.04617
40.8398,-0.578148,1.09206
41.8359,-0.266132,0.468024
42.832,-0.321193,-0.0550617
43.8281,-0.385432,-0.376255
44.8242,0,-0.679094
45.8203,0.495555,-0.724979
46.8164,0.816748,-0.523086
47.8125,1.11041,-0.440494
48.8086,1.05535,-0.504732
49.8047,0.559794,-0.302839
50.8008,0.339547,0.0550617
51.7969,0.587325,-0.146831
52.793,0.633209,-0.807572
53.7891,0.367078,-1.037
54.7852,0.146831,-0.431317
55.7813,-0.0642386,0.376255
56.7773,-0.266132,0.495555
57.7734,-0.357901,0.00917695
58.7695,-0.348724,-0.0917695
59.7656,-0.229424,0.495555
60.7617,-0.156008,0.853456
61.7578,-0.21107,0.247778
62.7539,-0.146831,-0.844279
63.75,-0.0183539,-1.37654
64.7461,-0.0734156,-0.844279
65.7422,-0.247778,0.0917695
66.7383,-0.293662,0.348724
67.7344,-0.128477,-0.0183539
68.7305,0.110123,-0.201893
69.7266,0.339547,-0.247778
70.7227,0.688271,-0.596502
71.7188,1.11041,-0.908518
72.7148,1.20218,-0.798395
73.7109,0.724979,-0.44967
74.707,0.0550617,-0.0275308
75.7031,-0.256955,0.486378
76.6992,-0.192716,0.825925
77.6953,-0.100946,0.706625
78.6914,-0.293662,0.312016
79.6875,-0.743333,0.100946
80.6836,-0.945226,0.21107
81.6797,-0.568971,0.256955
82.6758,-0.0367078,-0.21107
83.6719,0.100946,-0.715802
84.668,0,-0.440494
85.6641,0.00917695,0.192716
86.6602,0.183539,0.183539
87.6562,0.348724,-0.247778
88.6523,0.302839,-0.495555
89.6484,0.0367078,-0.734156
90.6445,-0.201893,-0.945226
91.6406,-0.275308,-0.743333
92.6367,-0.247778,-0.275308
93.6328,-0.0825925,0.0917695
94.6289,0.201893,0.568971
95.625,0.321193,1.22053
96.6211,0.220247,1.36737
97.6172,0.0642386,0.688271
98.6133,-0.128477,-0.128477
99.6094,-0.238601,-0.348724
100.605,-0.0367078,-0.128477
101.602,0.348724,-0.1193
102.598,0.440494,-0.532263
103.594,-0.0458847,-0.926872
104.59,-0.596502,-0.945226
105.586,-0.596502,-0.734156
106.582,-0.192716,-0.431317
107.578,0.0642386,0.0917695
108.574,0.0917695,0.532263
109.57,0.238601,0.42214
110.566,0.440494,-0.0917695
111.563,0.1193,-0.348724
112.559,-0.532263,-0.128477
113.555,-0.679094,0.0917695
114.551,-0.266132,0.0734156
115.547,0.1193,0.165185
116.543,0.312016,0.568971
117.539,0.504732,1.037
118.535,0.679094,1.17465
119.531,0.66074,0.642386
120.527,0.412963,-0.312016
121.523,0.156008,-1.01864
122.52,0.156008,-0.945226
123.516,0.477201,-0.312016
124.512,0.669917,0.201893
125.508,0.403786,0.312016
126.504,0.128477,0.312016
127.5,0.302839,0.42214
128.496,0.651563,0.495555
129.492,0.66074,0.412963
130.488,0.302839,0.376255
131.484,0.00917695,0.504732
132.48,-0.0275308,0.624032
133.477,0,0.816748
134.473,-0.0642386,0.972757
135.469,-0.128477,0.66074
136.465,-0.137654,0.146831
137.461,-0.128477,-0.0734156
138.457,0.110123,-0.174362
139.453,0.715802,-0.266132
140.449,0.926872,-0.100946
141.445,0.0458847,0.110123
142.441,-1.18383,0.100946
143.438,-1.44996,-0.0917695
144.434,-0.715802,-0.348724
145.43,0.0550617,-0.568971
146.426,0.220247,-0.568971
147.422,-0.146831,-0.256955
148.418,-0.587325,0.220247
149.414,-0.679094,0.44967
150.41,-0.42214,0.229424
151.406,-0.21107,-0.0734156
152.402,-0.284485,-0.0734156
153.398,-0.477201,0.0734156
154.395,-0.504732,0.110123
155.391,-0.275308,0.0458847
156.387,-0.0734156,0.00917695
157.383,-0.100946,0.0642386
158.379,-0.110123,0.0550617
159.375,0.0917695,-0.0367078
160.371,0.312016,-0.00917695
161.367,0.440494,0.00917695
162.363,0.54144,-0.229424
163.359,0.743333,-0.486378
164.355,0.880987,-0.339547
165.352,0.651563,0
166.348,0.201893,0.0642386
167.344,0,-0.0550617
168.34,0.0825925,-0.0275308
169.336,0.238601,0.0550617
170.332,0.403786,0.0642386
171.328,0.587325,0.0367078
172.324,0.669917,-0.00917695
173.32,0.697448,0
174.316,0.697448,0.100946
175.312,0.532263,0.0825925
176.309,0.238601,-0.137654
177.305,0.128477,-0.357901
178.301,0.339547,-0.412963
179.297,0.706625,-0.21107
180.293,0.945226,0.220247
181.289,0.780041,0.495555
182.285,0.21107,0.357901
183.281,-0.312016,0.183539
184.277,-0.431317,0.312016
185.273,-0.321193,0.495555
186.27,-0.0642386,0.403786
187.266,0.21107,0.1193
188.262,-0.0917695,-0.1193
189.258,-0.972757,-0.238601
190.254,-1.25724,-0.192716
191.25,-0.431317,0.0917695
192.246,0.42214,0.468024
193.242,0.293662,0.688271
194.238,-0.339547,0.66074
195.234,-0.458847,0.367078
196.23,-0.0367078,-0.0458847
197.227,0.256955,-0.266132
198.223,0.348724,-0.183539
199.219,0.376255,0.0734156
200.215,0.128477,0.229424
201.211,-0.376255,0.100946
202.207,-0.66074,-0.247778
203.203,-0.550617,-0.669917
204.199,-0.376255,-0.899341
205.195,-0.293662,-0.669917
206.191,-0.165185,-0.165185
207.188,0.0642386,0.100946
208.184,0.201893,-0.229424
209.18,0.0275308,-0.945226
210.176,-0.229424,-1.35819
211.172,-0.201893,-1.17465
212.168,-0.00917695,-0.798395
213.164,0.0642386,-0.578148
214.16,-0.174362,-0.394609
215.156,-0.596502,-0.156008
216.152,-0.724979,0.0734156
217.148,-0.477201,0.238601
218.145,-0.431317,0.266132
219.141,-0.596502,0.0825925
220.137,-0.458847,0
221.133,-0.0825925,0.174362
222.129,0.33037,0.247778
223.125,0.816748,0.1193
224.121,0.96358,0.00917695
225.117,0.385432,-0.146831
226.113,-0.367078,-0.431317
227.109,-0.486378,-0.495555
228.105,-0.21107,-0.293662
229.102,-0.348724,-0.238601
230.098,-0.761687,-0.42214
231.094,-0.697448,-0.513909
232.09,-0.293662,-0.403786
233.086,-0.284485,-0.146831
234.082,-0.633209,0.376255
235.078,-0.532263,0.789218
236.074,0.256955,0.458847
237.07,0.981934,-0.238601
238.066,1.01864,-0.412963
239.062,0.679094,-0.0734156
240.059,0.523086,0.137654
241.055,0.568971,-0.0917695
242.051,0.44967,-0.376255
243.047,0.0734156,-0.183539
244.043,-0.229424,0.321193
245.039,-0.0458847,0.559794
246.035,0.431317,0.504732
247.031,0.532263,0.458847
248.027,0.192716,0.275308
249.023,0.1193,-0.1193
250.02,0.614856,-0.201893
251.016,1.12876,0.174362
252.012,1.06453,0.477201
253.008,0.431317,0.357901
254.004,-0.229424,-0.0642386
255,-0.504732,-0.256955
255.996,-0.440494,0.0917695
256.992,-0.238601,0.486378
257.988,-0.00917695,0.578148
258.984,0.137654,0.688271
259.98,0.110123,0.743333
260.977,0.0642386,0.42214
261.973,0.0642386,-0.128477
262.969,-0.0825925,-0.798395
263.965,-0.385432,-1.4316
264.961,-0.578148,-1.48667
265.957,-0.642386,-0.816748
266.953,-0.651563,-0.00917695
267.949,-0.596502,0.357901
268.945,-0.357901,0.376255
269.941,0.0275308,0.201893
270.938,0.42214,-0.0550617
271.934,0.66074,-0.0550617
272.93,0.523086,0.174362
273.926,0.137654,0.110123
274.922,-0.0550617,-0.256955
275.918,-0.0458847,-0.486378
276.914,-0.229424,-0.54144
277.91,-0.66074,-0.633209
278.906,-0.99111,-0.761687
279.902,-0.880987,-0.798395
280.898,-0.468024,-0.715802
281.895,-0.403786,-0.458847
282.891,-0.917695,-0.146831
283.887,-1.193,-0.0734156
284.883,-0.697448,-0.266132
285.879,-0.0458847,-0.293662
286.875,0.1193,0.0367078
287.871,0.0367078,0.385432
288.867,0.192716,0.412963
289.863,0.412963,0.293662
290.859,0.229424,0.156008
291.855,-0.174362,-0.128477
292.852,-0.238601,-0.44967
293.848,0.0367078,-0.513909
294.844,0.110123,-0.321193
295.84,-0.174362,-0.256955
296.836,-0.339547,-0.486378
297.832,-0.146831,-0.743333
298.828,0.1193,-0.807572
299.824,0.238601,-0.835102
300.82,0.357901,-0.743333
301.816,0.54144,-0.220247
302.813,0.633209,0.42214
303.809,0.66074,0.587325
304.805,0.917695,0.431317
305.801,1.17465,0.605679
306.797,0.853456,1.05535
307.793,0.183539,1.20218
308.789,-0.110123,0.853456
309.785,-0.00917695,0.192716
310.781,-0.0825925,-0.477201
311.777,-0.367078,-0.669917
312.773,-0.532263,-0.165185
313.77,-0.367078,0.495555
314.766,0.0550617,0.587325
315.762,0.21107,0.146831
316.758,-0.0917695,-0.247778
317.754,-0.348724,-0.266132
318.75,-0.165185,-0.183539
319.746,0.284485,-0.339547
320.742,0.651563,-0.605679
321.738,0.706625,-0.523086
322.734,0.532263,-0.128477
323.73,0.412963,0.0917695
324.727,0.688271,0.0642386
325.723,1.18383,0.0458847
326.719,1.33066,0.0367078
327.715,1.00946,0.0917695
328.711,0.532263,0.137654
329.707,0.192716,-0.0550617
330.703,0.256955,-0.156008
331.699,0.587325,0.21107
332.695,0.642386,0.578148
333.691,0.357901,0.513909
334.688,0.220247,0.284485
335.684,0.376255,0.21107
336.68,0.523086,0.412963
337.676,0.523086,0.890164
338.672,0.431317,1.13794
339.668,0.256955,0.734156
340.664,-0.0183539,0.0183539
341.66,-0.431317,-0.468024
342.656,-0.908518,-0.734156
343.652,-1.16547,-0.926872
344.648,-1.2756,-0.87181
345.645,-1.2756,-0.385432
346.641,-0.908518,0.201893
347.637,-0.321193,0.458847
348.633,0.0458847,0.110123
349.629,0.146831,-0.770864
350.625,0.0825925,-1.4316
351.621,0.0734156,-1.36737
352.617,0.21107,-0.981934
353.613,0.376255,-0.770864
354.609,0.495555,-0.761687
355.605,0.431317,-0.724979
356.602,0.0275308,-0.532263
357.598,-0.376255,-0.229424
358.594,-0.532263,0.110123
359.59,-0.651563,0.357901
360.586,-0.816748,0.321193
361.582,-0.807572,0.0367078
362.578,-0.624032,-0.174362
363.574,-0.532263,-0.1193
364.57,-0.477201,-0.110123
365.566,-0.21107,-0.44967
366.563,0.165185,-0.917695
367.559,0.220247,-1.10123
368.555,-0.321193,-0.807572
369.551,-1.09206,-0.44967
370.547,-1.41325,-0.495555
371.543,-1.10123,-0.734156
372.539,-0.495555,-0.624032
373.535,-0.0367078,-0.174362
374.531,0.0367078,0.183539
375.527,-0.1193,0.128477
376.523,-0.238601,-0.293662
377.52,-0.229424,-0.624032
378.516,-0.110123,-0.412963
379.512,0.137654,0.1193
380.508,0.376255,0.339547
381.504,0.339547,0.156008
382.5,0.0642386,-0.128477
383.496,-0.110123,-0.284485
384.492,-0.0458847,-0.137654
385.488,0.247778,0.312016
386.484,0.798395,0.853456
387.48,1.25724,1.193
388.477,1.00946,1.06453
389.473,0.302839,0.624032
390.469,-0.229424,0.156008
391.465,-0.54144,-0.229424
392.461,-0.669917,-0.403786
393.457,-0.376255,-0.21107
394.453,0.201893,0.220247
395.449,0.385432,0.504732
396.445,-0.0642386,0.42214
397.441,-0.486378,-0.0275308
398.438,-0.513909,-0.697448
399.434,-0.477201,-1.11041
400.43,-0.559794,-0.789218
401.426,-0.468024,-0.275308
402.422,-0.165185,-0.578148
403.418,-0.256955,-1.42243
404.414,-0.807572,-1.54173
405.41,-1.00946,-0.761687
406.406,-0.688271,-0.0642386
407.402,-0.357901,0.0917695
408.398,-0.110123,0.0825925
409.395,0.1193,0.0550617
410.391,0.165185,0
411.387,0.00917695,0.0825925
412.383,-0.100946,0.367078
413.379,-0.0183539,0.669917
414.375,0.156008,0.734156
415.371,0.21107,0.477201
416.367,0.0367078,0.0367078
417.363,-0.33037,-0.321193
418.359,-0.596502,-0.293662
419.355,-0.431317,0.128477
420.352,0.0183539,0.624032
421.348,0.284485,0.890164
422.344,0.201893,0.87181
423.34,-0.146831,0.468024
424.336,-0.559794,-0.229424
425.332,-0.651563,-0.688271
426.328,-0.220247,-0.458847
427.324,0.256955,0
428.32,0.247778,0.128477
429.316,0.0458847,0.0734156
430.312,0.100946,0
431.309,0.293662,-0.174362
432.305,0.403786,-0.348724
433.301,0.42214,-0.367078
434.297,0.275308,-0.266132
435.293,0.00917695,-0.174362
436.289,-0.256955,-0.137654
437.285,-0.42214,-0.0550617
438.281,-0.403786,0.156008
439.277,-0.128477,0.312016
440.273,0.192716,0.256955
441.27,0.146831,0.128477
442.266,-0.357901,0.174362
443.262,-0.780041,0.339547
444.258,-0.688271,0.302839
445.254,-0.385432,-0.0183539
446.25,-0.0917695,-0.321193
447.246,0.192716,-0.394609
448.242,0.247778,-0.477201
449.238,0.0183539,-0.761687
450.234,-0.137654,-0.917695
451.23,-0.100946,-0.523086
452.227,-0.110123,0.21107
453.223,-0.192716,0.642386
454.219,-0.165185,0.486378
455.215,-0.0550617,-0.0367078
456.211,-0.0642386,-0.339547
457.207,-0.192716,-0.0275308
458.203,-0.44967,0.504732
459.199,-0.890164,0.532263
460.195,-1.25724,-0.0642386
461.191,-1.33983,-0.624032
462.188,-1.06453,-0.669917
463.184,-0.367078,-0.504732
464.18,0.201893,-0.66074
465.176,0.137654,-1.01864
466.172,-0.0642386,-1.09206
467.168,0.0183539,-0.642386
468.164,0.00917695,-0.0917695
469.16,-0.229424,0.0183539
470.156,-0.458847,-0.220247
471.152,-0.66074,-0.284485
472.148,-0.926872,-0.0550617
473.145,-1.037,0.220247
474.141,-0.825925,0.174362
475.137,-0.596502,-0.312016
476.133,-0.669917,-0.844279
477.129,-0.816748,-0.972757
478.125,-0.724979,-0.715802
479.121,-0.568971,-0.412963
480.117,-0.633209,-0.266132
481.113,-0.789218,-0.229424
482.109,-0.550617,0.00917695
483.105,0.0458847,0.440494
484.102,0.256955,0.605679
485.098,-0.0642386,0.385432
486.094,-0.137654,0.0734156
487.09,0.339547,-0.302839
488.086,0.743333,-0.706625
489.082,0.550617,-0.789218
490.078,-0.0458847,-0.412963
491.074,-0.431317,0.0550617
492.07,-0.321193,0.128477
493.066,-0.0275308,-0.21107
494.062,0,-0.44967
495.059,-0.0825925,-0.293662
496.055,0.0275308,-0.0550617
497.051,0.110123,-0.220247
498.047,0.00917695,-0.715802
499.043,-0.128477,-0.936049
500.039,-0.192716,-0.568971
501.035,-0.156008,-0.0825925
502.031,-0.0367078,0.0183539
503.027,0.00917695,-0.1193
504.023,-0.146831,-0.110123
505.02,-0.266132,0
506.016,-0.1193,-0.00917695
507.012,0.0367078,-0.00917695
508.008,0.0367078,0.0825925
509.004,-0.165185,-0.0917695
510,-0.559794,-0.559794
510.996,-0.954403,-0.651563
511.992,-1.193,-0.0825925
512.988,-1.11041,0.596502
513.984,-0.504732,0.99111
514.98,0.302839,1.06453
515.977,0.605679,0.715802
516.973,0.403786,0.0550617
517.969,0.247778,-0.587325
518.965,0.1193,-1.05535
519.961,-0.192716,-1.21136
520.957,-0.247778,-0.853456
521.953,0.21107,-0.192716
522.949,0.633209,0.165185
523.945,0.706625,0.0734156
524.941,0.679094,0.0458847
525.938,0.614856,0.33037
526.934,0.440494,0.596502
527.93,0.229424,0.706625
528.926,0.0917695,0.724979
529.922,0.0183539,0.568971
530.918,0.0458847,0.220247
531.914,0.220247,-0.0734156
532.91,0.376255,0.156008
533.906,0.256955,0.926872
534.902,0.156008,1.3949
535.898,0.357901,0.972757
536.894,0.486378,0.165185
537.891,0.165185,-0.357901
538.887,-0.385432,-0.532263
539.883,-0.789218,-0.578148
540.879,-0.75251,-0.559794
541.875,-0.321193,-0.495555
542.871,0.137654,-0.247778
543.867,0.385432,0.201893
544.863,0.312016,0.532263
545.859,0.0642386,0.633209
546.855,-0.0642386,0.624032
547.852,-0.156008,0.568971
548.848,-0.385432,0.550617
549.844,-0.54144,0.468024
550.84,-0.504732,0.229424
551.836,-0.477201,0
552.832,-0.42214,-0.0734156
553.828,-0.275308,0.0275308
554.824,-0.174362,0.110123
555.82,-0.33037,-0.0917695
556.816,-0.559794,-0.495555
557.813,-0.385432,-0.853456
558.809,-0.0275308,-0.99111
559.805,0.0183539,-0.816748
560.801,-0.0734156,-0.633209
561.797,0.0550617,-0.835102
562.793,0.137654,-1.24806
563.789,-0.0642386,-1.30313
564.785,-0.284485,-0.789218
565.781,-0.54144,-0.0642386
566.777,-1.05535,0.513909
567.773,-1.26642,0.816748
568.77,-0.633209,0.908518
569.766,0.146831,0.899341
570.762,0.174362,0.706625
571.758,-0.312016,0.229424
572.754,-0.532263,-0.339547
573.75,-0.0367078,-0.633209
574.746,0.669917,-0.587325
575.742,0.715802,-0.367078
576.738,0.192716,-0.266132
577.734,-0.238601,-0.44967
578.73,-0.532263,-0.605679
579.727,-0.890164,-0.284485
580.723,-1.06453,0.0183539
581.719,-0.743333,-0.367078
582.715,-0.110123,-1.01864
583.711,0.33037,-1.10123
584.707,0.367078,-0.605679
585.703,0.229424,-0.00917695
586.699,0.146831,0.321193
587.695,0.100946,0.156008
588.691,0.0642386,-0.385432
589.687,0.00917695,-0.66074
590.684,0.0183539,-0.146831
591.68,0.348724,0.743333
592.676,0.633209,1.12876
593.672,0.312016,0.706625
594.668,-0.156008,-0.0642386
595.664,-0.229424,-0.495555
596.66,-0.0917695,-0.293662
597.656,0.0275308,0.0917695
598.652,-0.00917695,0.156008
599.648,-0.266132,0.0825925
600.645,-0.568971,0.266132
601.641,-0.633209,0.559794
602.637,-0.642386,0.578148
603.633,-0.844279,0.275308
604.629,-0.899341,-0.247778
605.625,-0.412963,-0.614856
606.621,0.247778,-0.523086
607.617,0.266132,-0.275308
608.613,-0.431317,-0.284485
609.609,-1.02782,-0.559794
610.605,-1.0737,-0.835102
611.602,-0.880987,-0.825925
612.598,-0.614856,-0.44967
613.594,-0.348724,0.0642386
614.59,-0.339547,0.293662
615.586,-0.495555,0.220247
616.582,-0.550617,0.21107
617.578,-0.578148,0.348724
618.574,-0.669917,0.486378
619.57,-0.761687,0.596502
620.566,-0.899341,0.587325
621.563,-0.862633,0.550617
622.559,-0.54144,0.559794
623.555,-0.412963,0.321193
624.551,-0.486378,-0.220247
625.547,-0.110123,-0.495555
626.543,0.587325,-0.238601
627.539,0.550617,0.0642386
628.535,-0.284485,-0.0642386
629.531,-0.688271,-0.367078
630.527,-0.339547,-0.44967
631.523,-0.201893,-0.339547
632.52,-0.550617,-0.183539
633.516,-0.624032,-0.165185
634.512,-0.201893,-0.458847
635.508,0.174362,-0.87181
636.504,0.192716,-1.01864
637.5,0.0642386,-0.954403
638.496,-0.128477,-0.908518
639.492,-0.321193,-0.724979
640.488,-0.256955,-0.21107
641.484,-0.0458847,0.339547
642.48,-0.0275308,0.587325
643.477,-0.192716,0.624032
644.473,-0.293662,0.504732
645.469,-0.293662,0.312016
646.465,-0.128477,0.357901
647.461,0.339547,0.587325
648.457,0.798395,0.642386
649.453,0.734156,0.559794
650.449,0.403786,0.578148
651.445,0.312016,0.578148
652.441,0.394609,0.165185
653.438,0.568971,-0.486378
654.434,0.862633,-0.688271
655.43,1.02782,-0.495555
656.426,0.972757,-0.376255
657.422,0.917695,0.0825925
658.418,0.780041,1.05535
659.414,0.348724,1.5142
660.41,-0.220247,1.06453
661.406,-0.587325,0.559794
662.402,-0.614856,0.412963
663.398,-0.431317,0.312016
664.394,-0.156008,0.100946
665.391,0.110123,-0.0917695
666.387,0.256955,-0.192716
667.383,0.302839,-0.21107
668.379,0.348724,-0.284485
669.375,0.504732,-0.486378
670.371,0.550617,-0.669917
671.367,0.256955,-0.587325
672.363,-0.0550617,-0.128477
673.359,0.0642386,0.394609
674.355,0.284485,0.440494
675.352,0.165185,0.201893
676.348,-0.128477,0.275308
677.344,-0.293662,0.440494
678.34,-0.431317,0.165185
679.336,-0.587325,-0.266132
680.332,-0.523086,-0.192716
681.328,-0.137654,0.357901
682.324,0.1193,0.605679
683.32,-0.21107,0.256955
684.316,-0.706625,-0.284485
685.313,-0.770864,-0.559794
686.309,-0.66074,-0.495555
687.305,-0.780041,-0.293662
688.301,-0.789218,-0.293662
689.297,-0.477201,-0.523086
690.293,-0.174362,-0.75251
691.289,-0.137654,-0.789218
692.285,-0.0917695,-0.559794
693.281,0.1193,-0.146831
694.277,0.0275308,0.220247
695.273,-0.523086,0.477201
696.27,-0.954403,0.679094
697.266,-0.853456,0.624032
698.262,-0.376255,0.174362
699.258,0.137654,-0.367078
700.254,0.403786,-0.596502
701.25,0.394609,-0.605679
702.246,0.339547,-0.66074
703.242,0.431317,-0.633209
704.238,0.532263,-0.348724
705.234,0.284485,-0.0550617
706.23,-0.220247,-0.100946
707.227,-0.458847,-0.357901
708.223,-0.302839,-0.42214
709.219,0.0550617,-0.284485
710.215,0.504732,-0.247778
711.211,0.715802,-0.312016
712.207,0.605679,-0.220247
713.203,0.605679,0.0734156
714.199,0.825925,0.42214
715.195,0.825925,0.596502
716.191,0.394609,0.624032
717.187,-0.0825925,0.761687
718.184,0.0642386,0.972757
719.18,0.770864,1.00946
720.176,1.13794,0.890164
721.172,0.780041,0.688271
722.168,0.0917695,0.532263
723.164,-0.54144,0.468024
724.16,-0.880987,0.412963
725.156,-0.715802,0.348724
726.152,-0.238601,0.1193
727.148,0.156008,-0.321193
728.145,0.293662,-0.532263
729.141,0.312016,-0.284485
730.137,0.275308,0.0642386
731.133,0.0183539,0.247778
732.129,-0.412963,0.339547
733.125,-0.642386,0.146831
734.121,-0.367078,-0.376255
735.117,0.220247,-0.596502
736.113,0.42214,-0.21107
737.109,-0.0275308,0.201893
738.105,-0.54144,0.165185
739.102,-0.679094,-0.156008
740.098,-0.596502,-0.477201
741.094,-0.495555,-0.743333
742.09,-0.238601,-0.880987
743.086,0.137654,-0.853456
744.082,0.412963,-0.825925
745.078,0.559794,-0.899341
746.074,0.495555,-0.917695
747.07,0.0458847,-0.66074
748.066,-0.440494,-0.220247
749.063,-0.394609,0.0550617
750.059,-0.0917695,0.0642386
751.055,0.00917695,-0.0275308
752.051,0.0367078,0.0183539
753.047,0.137654,0.44967
754.043,0.146831,0.972757
755.039,-0.0183539,0.954403
756.035,-0.302839,0.431317
757.031,-0.651563,0
758.027,-1.0737,-0.275308
759.023,-1.46831,-0.679094
760.02,-1.45913,-1.0737
761.016,-1.00946,-1.16547
762.012,-0.761687,-1.0737
763.008,-0.954403,-0.972757
764.004,-1.09206,-0.66074
765,-0.926872,-0.110123
765.996,-0.578148,0.192716
766.992,-0.100946,0.0734156
767.988,0.238601,-0.201893
768.984,0.201893,-0.394609
769.98,-0.0183539,-0.385432
770.977,-0.00917695,-0.137654
771.973,0.229424,0.128477
772.969,0.403786,0.146831
773.965,0.367078,-0.0550617
774.961,0.1193,-0.266132
775.957,-0.238601,-0.367078
776.953,-0.54144,-0.468024
777.949,-0.688271,-0.706625
778.945,-0.679094,-1.037
779.941,-0.394609,-1.08288
780.938,0.128477,-0.724979
781.934,0.458847,-0.33037
782.93,0.293662,0.0458847
783.926,0.0275308,0.578148
784.922,-0.00917695,0.899341
785.918,-0.1193,0.66074
786.914,-0.523086,0.293662
787.91,-0.844279,0.302839
788.906,-0.844279,0.385432
789.902,-0.624032,0.128477
790.898,-0.137654,-0.0825925
791.894,0.550617,0.0917695
792.891,0.890164,0.256955
793.887,0.42214,-0.0275308
794.883,-0.679094,-0.532263
795.879,-1.57844,-0.807572
796.875,-1.42243,-0.87181
797.871,-0.367078,-0.807572
798.867,0.458847,-0.495555
799.863,0.431317,-0.137654
800.859,-0.0550617,-0.0550617
801.855,-0.550617,-0.229424
802.852,-0.899341,-0.440494
803.848,-0.880987,-0.394609
804.844,-0.394609,-0.0275308
805.84,0.0275308,0.321193
806.836,-0.0642386,0.357901
807.832,-0.348724,0.302839
808.828,-0.458847,0.44967
809.824,-0.523086,0.807572
810.82,-0.669917,1.11041
811.816,-0.706625,1.06453
812.813,-0.348724,0.605679
813.809,0.174362,0.0367078
814.805,0.321193,-0.220247
815.801,0.146831,-0.156008
816.797,0.238601,-0.137654
817.793,0.715802,-0.128477
818.789,1.01864,0.0367078
819.785,0.816748,0.192716
820.781,0.33037,0.146831
821.777,-0.128477,0.100946
822.773,-0.394609,0.321193
823.77,-0.302839,0.642386
824.766,0.1193,0.605679
825.762,0.477201,0.238601
826.758,0.357901,-0.0734156
827.754,0.100946,-0.33037
828.75,0.247778,-0.486378
829.746,0.394609,-0.266132
830.742,0.0825925,0.256955
831.738,-0.33037,0.486378
832.734,-0.431317,0.229424
833.73,-0.201893,-0.0917695
834.727,0.247778,-0.220247
835.723,0.679094,-0.183539
836.719,0.724979,0.0642386
837.715,0.302839,0.367078
838.711,-0.192716,0.431317
839.707,-0.348724,0.137654
840.703,-0.284485,-0.367078
841.699,-0.192716,-0.734156
842.695,-0.21107,-0.688271
843.691,-0.44967,-0.357901
844.687,-0.458847,-0.00917695
845.684,0.0825925,0.128477
846.68,0.477201,0.0458847
847.676,0.21107,-0.0825925
848.672,-0.293662,-0.201893
849.668,-0.578148,-0.468024
850.664,-0.559794,-0.853456
851.66,-0.275308,-0.908518
852.656,-0.0275308,-0.403786
853.652,0,0.110123
854.648,-0.0183539,0.110123
855.645,0.110123,-0.220247
856.641,0.376255,-0.54144
857.637,0.54144,-0.734156
858.633,0.284485,-0.715802
859.629,-0.146831,-0.321193
860.625,-0.0458847,0.568971
861.621,0.412963,1.54173
862.617,0.376255,2.07399
863.613,-0.110123,2.17494
864.609,-0.394609,1.89963
865.605,-0.348724,1.193
866.602,-0.192716,0.266132
867.598,-0.110123,-0.238601
868.594,-0.33037,0.0734156
869.59,-0.798395,0.596502
870.586,-1.037,0.357901
871.582,-0.844279,-0.587325
872.578,-0.587325,-1.37654
873.574,-0.614856,-1.56008
874.57,-0.743333,-1.29395
875.566,-0.624032,-0.899341
876.563,-0.256955,-0.559794
877.559,0.0917695,-0.33037
878.555,0.183539,-0.256955
879.551,0.110123,-0.312016
880.547,0.201893,-0.394609
881.543,0.587325,-0.42214
882.539,0.954403,-0.440494
883.535,1.00946,-0.385432
884.531,0.862633,-0.0183539
885.527,0.624032,0.513909
886.523,0.256955,0.75251
887.52,0.0917695,0.669917
888.516,0.367078,0.495555
889.512,0.697448,0.284485
890.508,0.743333,0.0734156
891.504,0.550617,-0.0642386
892.5,0.146831,-0.183539
893.496,-0.367078,-0.357901
894.492,-0.66074,-0.504732
895.488,-0.532263,-0.376255
896.484,-0.0825925,0.0458847
897.48,0.348724,0.403786
898.477,0.523086,0.504732
899.473,0.477201,0.458847
900.469,0.302839,0.293662
901.465,0.0917695,0.0550617
902.461,-0.0275308,-0.0734156
903.457,-0.247778,-0.0367078
904.453,-0.75251,0.0917695
905.449,-1.10123,0.321193
906.445,-0.899341,0.477201
907.441,-0.513909,0.220247
908.438,-0.0825925,-0.256955
909.434,0.523086,-0.468024
910.43,1.05535,-0.357901
911.426,1.24806,-0.100946
912.422,1.1563,0.192716
913.418,0.66074,0.367078
914.414,-0.220247,0.229424
915.41,-0.789218,-0.146831
916.406,-0.54144,-0.367078
917.402,0,-0.238601
918.398,0.312016,0.0367078
919.394,0.486378,0.394609
920.391,0.605679,0.66074
921.387,0.495555,0.54144
922.383,0.146831,0.201893
923.379,-0.110123,0.0642386
924.375,0.0183539,0.302839
925.371,0.477201,0.724979
926.367,0.798395,0.780041
927.363,0.495555,0.357901
928.359,-0.1193,0
929.355,-0.33037,0.0367078
930.352,-0.165185,0.266132
931.348,-0.165185,0.394609
932.344,-0.284485,0.256955
933.34,-0.0458847,-0.165185
934.336,0.504732,-0.605679
935.332,0.780041,-0.780041
936.328,0.596502,-0.75251
937.324,0.348724,-0.844279
938.32,0.256955,-1.18383
939.316,0.238601,-1.38572
940.313,0.247778,-1.08288
941.309,0.339547,-0.633209
942.305,0.495555,-0.42214
943.301,0.559794,-0.229424
944.297,0.321193,0.174362
945.293,-0.146831,0.550617
946.289,-0.504732,0.596502
947.285,-0.697448,0.321193
948.281,-0.807572,0.0734156
949.277,-0.706625,0.220247
950.273,-0.523086,0.75251
951.27,-0.559794,1.09206
952.266,-0.624032,0.816748
953.262,-0.321193,0.284485
954.258,0.220247,-0.0458847
955.254,0.532263,-0.192716
956.25,0.54144,-0.201893
957.246,0.440494,-0.0825925
958.242,0.156008,0.0550617
959.238,-0.348724,0.0275308
960.234,-0.614856,-0.165185
961.23,-0.266132,-0.321193
962.227,0.376255,-0.412963
963.223,0.770864,-0.513909
964.219,0.734156,-0.339547
965.215,0.44967,0.165185
966.211,0.100946,0.21107
967.207,-0.0642386,-0.357901
968.203,-0.0367078,-0.679094
969.199,-0.0183539,-0.44967
970.195,0.0642386,-0.0275308
971.191,0.21107,0.468024
972.187,0.238601,0.734156
973.184,0.238601,0.477201
974.18,0.312016,0.0367078
975.176,0.376255,-0.229424
976.172,0.312016,-0.376255
977.168,0.0458847,-0.403786
978.164,-0.348724,-0.376255
979.16,-0.587325,-0.596502
980.156,-0.568971,-0.789218
981.152,-0.367078,-0.376255
982.148,-0.0642386,0.403786
983.145,0.0550617,0.715802
984.141,-0.33037,0.348724
985.137,-0.981934,-0.100946
986.133,-1.3123,-0.247778
987.129,-1.1563,-0.275308
988.125,-0.75251,-0.266132
989.121,-0.339547,-0.165185
990.117,-0.0825925,-0.21107
991.113,-0.0183539,-0.513909
992.109,0.0367078,-0.706625
993.105,0.0734156,-0.431317
994.102,-0.0917695,0.100946
995.098,-0.238601,0.293662
996.094,-0.174362,0.0825925
997.09,-0.220247,0.0183539
998.086,-0.477201,0.394609
999.082,-0.587325,0.87181
1000.08,-0.486378,1.05535
1001.07,-0.468024,0.844279
1002.07,-0.715802,0.357901
1003.07,-1.11041,-0.0917695
1004.06,-1.21136,-0.174362
1005.06,-0.651563,0.0550617
1006.05,0.321193,0.192716
1007.05,0.954403,0.0275308
1008.05,0.780041,-0.302839
1009.04,0.174362,-0.614856
1010.04,-0.0825925,-0.743333
1011.04,0.174362,-0.578148
1012.03,0.33037,-0.165185
1013.03,0.0642386,0.312016
1014.02,-0.229424,0.587325
1015.02,-0.146831,0.468024
1016.02,0.128477,0.165185
1017.01,0.192716,0.0917695
1018.01,0.0917695,0.128477
1019,0.21107,-0.0734156
