-501.961,-3.00843e-005,-0.000167333
-500.98,-7.88793e-005,-5.12448e-005
-500,-2.40427e-005,-0.000347578
-499.02,3.11892e-005,-0.0001269
-498.039,1.15836e-005,-9.60321e-005
-497.059,-1.60439e-005,-0.000303084
-496.078,6.26806e-005,-0.000143779
-495.098,-0.00018177,-8.07556e-005
-494.118,-0.000143536,-0.000222242
-493.137,-6.09638e-005,-0.000134366
-492.157,-6.53962e-005,-0.000158476
-491.176,8.18303e-005,-0.000298976
-490.196,-5.10627e-005,-0.000165295
-489.216,2.53405e-005,-0.000131867
-488.235,-6.42857e-005,-0.000174584
-487.255,5.25994e-005,-0.000258277
-486.275,-9.29122e-005,-0.000108113
-485.294,6.63822e-006,-0.000296251
-484.314,-3.7083e-005,-9.62375e-005
-483.333,-0.000109814,-6.85571e-005
-482.353,-7.24836e-005,-0.00017111
-481.373,0.000196122,-0.000233478
-480.392,9.97611e-005,-0.000164376
-479.412,-0.000123475,-0.000309067
-478.431,6.55725e-006,-7.48604e-005
-477.451,-9.25832e-005,-0.00022546
-476.471,-4.3283e-005,-0.000304966
-475.49,-0.000120941,-0.000256411
-474.51,-0.000140922,-0.000279912
-473.529,4.83082e-005,-5.57461e-005
-472.549,-7.17967e-006,-0.000195384
-471.569,-0.000129081,-0.000286034
-470.588,-3.432e-005,-0.000245967
-469.608,8.05692e-005,-0.000155813
-468.627,-2.32825e-005,-5.96282e-005
-467.647,-1.12244e-006,-0.000135207
-466.667,-9.56775e-006,-0.000154725
-465.686,-7.97642e-005,-0.000122953
-464.706,-0.000146622,-2.97552e-005
-463.725,-2.65513e-005,-0.00022939
-462.745,-2.0459e-005,-0.000193879
-461.765,-6.07069e-005,-0.000233618
-460.784,2.43203e-005,-0.000118383
-459.804,-5.63534e-005,-0.000193036
-458.824,-0.000249727,-0.000111033
-457.843,-0.000195724,-0.000130934
-456.863,-0.00015344,-0.000309606
-455.882,-0.000142462,-0.000270079
-454.902,-9.71376e-005,-0.000238989
-453.922,-0.000225779,-0.000280134
-452.941,8.50598e-005,-0.000174284
-451.961,-7.2302e-005,-0.000198418
-450.98,-0.000109442,-0.00029952
-450,-0.000214745,-0.000103028
-449.02,3.19025e-005,-0.000188738
-448.039,-0.000254494,-0.000237398
-447.059,-2.43093e-005,-0.000270729
-446.078,3.83338e-005,-9.74799e-005
-445.098,-0.000223784,-0.000101386
-444.118,-2.35314e-005,-0.000150367
-443.137,-8.62549e-005,-0.000136864
-442.157,-6.1879e-005,-0.000148218
-441.176,-0.000129735,-0.000133634
-440.196,-0.000148534,-0.000249616
-439.216,-0.000164243,-5.66737e-005
-438.235,-0.000165437,-0.000143247
-437.255,-4.31077e-005,-0.000106365
-436.275,-4.94174e-005,-0.000157419
-435.294,-0.000267044,-0.000270736
-434.314,-0.000195798,-0.000139239
-433.333,-0.000185056,-0.000208167
-432.353,-0.000100331,-2.41772e-005
-431.373,-0.000224665,-0.000309932
-430.392,-0.000149824,-0.000387771
-429.412,-0.00011643,-0.000291533
-428.431,-0.000214486,-0.000217855
-427.451,-0.000126546,-0.000137367
-426.471,-0.000164364,-0.000353048
-425.49,-0.000135409,-0.000219974
-424.51,-0.000179332,-0.000230304
-423.529,-0.000109292,-0.000181601
-422.549,-0.000247162,-0.000138279
-421.569,-0.000122651,8.74788e-007
-420.588,-0.000184193,-0.000276062
-419.608,-0.000105056,-6.04285e-005
-418.627,-0.000233061,-0.000117748
-417.647,-0.000209323,-0.000169501
-416.667,-0.000133922,-0.000205961
-415.686,-0.000231818,-0.000289977
-414.706,-0.000242945,-0.000209366
-413.725,-0.000159091,-0.000135454
-412.745,-0.000132052,-0.000120738
-411.765,-0.000311971,-0.000276673
-410.784,-0.000279542,-0.000261612
-409.804,-0.000216942,-0.000127547
-408.824,-0.000258146,-0.000184337
-407.843,-0.000398822,-0.00027897
-406.863,-0.000542484,-0.000227912
-405.882,-7.35917e-005,-0.000222119
-404.902,-0.000227772,-0.00022555
-403.922,-0.00014301,-0.00028301
-402.941,-0.000215838,-5.47829e-005
-401.961,-0.000134438,-0.000183234
-400.98,-0.000373958,-0.000157788
-400,-0.000162976,1.55848e-006
-399.02,-0.000387804,-0.000314852
-398.039,-0.000166655,-0.000353135
-397.059,-0.000403305,7.41673e-005
-396.078,-0.000361481,-0.000306306
-395.098,-0.00012311,-0.000279383
-394.118,-6.19273e-006,-0.000376953
-393.137,-0.000507781,-0.000413676
-392.157,-0.000107592,-0.000411544
-391.176,-0.000104965,-0.000456666
-390.196,-0.000249438,-0.000295344
-389.216,-0.000550814,-0.000344616
-388.235,-0.00038209,-0.000183526
-387.255,-0.000327008,-5.63999e-005
-386.275,-0.000423741,-1.49621e-006
-385.294,0.000156652,-4.20337e-005
-384.314,-0.000331221,-0.000439906
-383.333,1.35524e-005,0.000169879
-382.353,-0.000359284,8.82325e-005
-381.373,-5.54916e-005,-3.97194e-005
-380.392,-0.000463343,-0.000241988
-379.412,-0.000740248,0.000264217
-378.431,-0.000381737,-0.000477605
-377.451,-0.000746886,0.000272913
-376.471,-0.000785254,-0.000150455
-375.49,-0.000111395,-0.000237292
-374.51,-0.000564157,-4.97047e-005
-373.529,4.90345e-005,-0.000975891
-372.549,-0.000606453,-0.000459187
-371.569,-0.000620008,0.000481718
-370.588,-0.00058842,-0.000785859
-369.608,-0.000372669,-0.000145767
-368.627,-5.65722e-005,-0.000123691
-367.647,-0.000437911,-0.00041181
-366.667,-0.000631094,0.000221789
-365.686,-0.00021282,-0.000156696
-364.706,-0.000279042,-0.000413386
-363.725,-0.00043819,-0.000166177
-362.745,-0.000451727,-0.000288895
-361.765,-0.000999349,-0.000161626
-360.784,0.00034644,-0.00120608
-359.804,-0.000597791,3.17184e-005
-358.824,-0.000349248,-0.000121848
-357.843,-0.000236983,-0.000565628
-356.863,-0.000439423,-0.000447356
-355.882,-0.000854846,0.000277748
-354.902,0.000216163,-0.000574303
-353.922,-0.000306141,-0.00119222
-352.941,-0.0007027,-0.000678618
-351.961,-0.000764188,0.000344739
-350.98,-0.00117132,0.000120302
-350,-0.00123346,3.26056e-006
-349.02,-0.000831451,7.55062e-005
-348.039,-0.00126278,-0.000815955
-347.059,-0.000495039,-0.000585122
-346.078,-0.000686447,2.03544e-005
-345.098,-0.000369154,0.00070569
-344.118,-0.00107552,-0.000349962
-343.137,-0.000200752,-0.000640455
-342.157,1.39106e-005,-0.000476575
-341.176,0.000167293,-0.000156032
-340.196,-0.00164937,0.000201274
-339.216,-3.80671e-005,-0.000125849
-338.235,0.00180822,-0.00166072
-337.255,-0.000829015,-7.29331e-005
-336.275,0.000785453,0.000593852
-335.294,-0.00124954,-0.00149646
-334.314,-0.000861677,-0.000515163
-333.333,-0.000423724,-0.000576314
-332.353,-7.5567e-005,0.000430147
-331.373,-0.000290153,-0.000423706
-330.392,-0.00151448,-0.000406045
-329.412,-0.00168852,0.000562635
-328.431,-0.00112028,0.0016596
-327.451,-0.00221203,0.000268716
-326.471,-0.00123091,0.000707053
-325.49,-0.000564857,0.00171299
-324.51,0.00146806,-0.00153209
-323.529,0.000941012,-0.000664989
-322.549,0.00071676,0.000441298
-321.569,0.000746868,-0.00151223
-320.588,-0.000492192,0.00215698
-319.608,1.92783e-005,-3.73701e-005
-318.627,8.42577e-005,-0.00450962
-317.647,0.00121781,-0.000581482
-316.667,-0.00146103,0.00358381
-315.686,-0.00171541,-0.00196408
-314.706,0.000626707,0.00160228
-313.725,0.000513128,-0.00282101
-312.745,-0.00199767,-0.000345952
-311.765,-0.00309882,-0.0022918
-310.784,-0.00060773,-0.00128174
-309.804,-0.00130662,0.00055134
-308.824,0.00347578,0.00400921
-307.843,-0.00128738,0.00177931
-306.863,-0.003715,0.000480512
-305.882,-0.000210843,0.000587855
-304.902,-0.00116123,0.00341025
-303.922,-0.00630686,0.00151239
-302.941,-0.00213468,-0.00379216
-301.961,0.00116166,2.03612e-005
-300.98,0.00044349,-0.00353208
-300,0.00173202,-0.00126181
-299.02,0.00228459,0.00120421
-298.039,-0.00157792,0.00224568
-297.059,0.00130395,0.00160576
-296.078,0.0048634,-0.00536299
-295.098,0.00228038,0.00162776
-294.118,0.00167803,-0.00216122
-293.137,-0.0059083,0.00224433
-292.157,-5.91616e-005,0.00203556
-291.176,-0.00183697,-0.00100075
-290.196,-0.00681638,0.00420691
-289.216,-0.00309748,0.00225732
-288.235,-0.000760688,0.00428893
-287.255,0.00768981,0.00413593
-286.275,0.000883995,-0.000641294
-285.294,-0.00791867,0.00145149
-284.314,0.000433918,0.00336131
-283.333,-0.00180815,-0.00397093
-282.353,-0.000477393,-0.000158656
-281.373,-0.00269608,0.00612041
-280.392,0.00210562,-0.00653881
-279.412,-0.00347924,-0.0032119
-278.431,6.95639e-005,-0.0037771
-277.451,-0.00191369,-0.00302715
-276.471,0.00372235,-0.00240013
-275.49,-0.00842243,-0.00424601
-274.51,-0.00300287,-0.00497028
-273.529,-0.00205041,-0.00429882
-272.549,0.00667265,0.00172857
-271.569,-0.00699271,0.00395541
-270.588,-0.000815534,0.00225424
-269.608,-0.000889577,-0.00371379
-268.627,0.00664022,-0.00147534
-267.647,-0.00298837,-0.00352132
-266.667,-0.000138685,-0.00060433
-265.686,0.0066694,-0.00107699
-264.706,0.00327957,0.000409159
-263.725,-0.00238996,0.000467831
-262.745,-0.00255969,0.0122533
-261.765,-0.000549078,0.00763293
-260.784,-0.00631223,-0.00338551
-259.804,-0.00879117,-0.00221169
-258.824,-0.00456679,0.00778172
-257.843,-0.00879589,-0.00572485
-256.863,0.00453758,0.00602017
-255.882,0.00950287,0.00658862
-254.902,-0.00813723,-0.000269549
-253.922,-0.00570191,-0.00271721
-252.941,0.00654876,-0.00169572
-251.961,-0.00298542,0.00592965
-250.98,0.00813838,0.0151828
-250,-0.00608619,-0.000571197
-249.02,-0.00133553,0.00422096
-248.039,-0.00935165,-0.00699576
-247.059,-0.00611835,-0.0111729
-246.078,0.00869251,0.000427695
-245.098,0.00298844,0.00067473
-244.118,-0.00639618,0.000905022
-243.137,-0.000157852,-0.00219621
-242.157,0.00431683,0.0109899
-241.176,0.00239376,-0.0065998
-240.196,0.00187761,-0.00317659
-239.216,-0.00285045,-0.00092103
-238.235,-0.00424726,0.00528596
-237.255,-0.000768572,-0.00310653
-236.275,0.00337183,0.0110093
-235.294,0.000968963,0.0102745
-234.314,-0.0195691,0.00128752
-233.333,-0.00900787,-0.0012472
-232.353,-0.00916302,0.00422387
-231.373,-0.0101451,0.00985397
-230.392,-0.00560472,-0.00910348
-229.412,-0.00682778,-0.0118707
-228.431,0.0035959,0.0043376
-227.451,-0.0116673,-0.00543053
-226.471,-0.00536126,-0.00923439
-225.49,0.00519511,-0.00602122
-224.51,-0.00985823,0.00618608
-223.529,0.00976967,0.0129411
-222.549,-0.0109268,-0.00794876
-221.569,0.00663317,-0.00445983
-220.588,0.0161582,0.00753252
-219.608,0.00280942,0.00409672
-218.627,-0.00766503,-0.0019855
-217.647,0.00159337,0.00795503
-216.667,-0.00586149,-0.0236412
-215.686,-0.00279629,-0.00148181
-214.706,0.0070973,0.00628578
-213.725,-0.0168763,-0.00429393
-212.745,0.00583817,0.00797229
-211.765,0.00631785,-0.00519475
-210.784,0.00061435,0.00779991
-209.804,0.00483593,-0.00291432
-208.824,0.0128601,0.00301828
-207.843,0.0313732,0.00961063
-206.863,0.00971044,0.00267301
-205.882,-0.000594544,0.00964013
-204.902,0.00175701,-0.0176265
-203.922,-0.00283976,0.00233686
-202.941,0.00396928,0.0245118
-201.961,-0.00736521,0.00212525
-200.98,-0.0140504,-0.00380717
-200,0.0117957,0.00274468
-199.02,-0.0119661,0.0112199
-198.039,-0.0223631,-0.0118954
-197.059,0.00786601,-0.00228288
-196.078,-0.00431621,-0.00622223
-195.098,0.00889832,0.000637145
-194.118,0.0049674,-0.0368409
-193.137,0.0146538,0.0203634
-192.157,-0.00249089,-0.0337816
-191.176,-0.0048413,-0.0308569
-190.196,0.0013841,0.0210402
-189.216,-6.91609e-005,-0.00823166
-188.235,0.0341285,0.0241912
-187.255,-0.0172152,-0.0310871
-186.275,-0.0125863,0.00540443
-185.294,-0.00133999,-0.00858815
-184.314,-0.0126661,0.0227261
-183.333,0.00990606,-0.00796502
-182.353,0.0194064,-0.00238021
-181.373,0.0191172,-0.0271566
-180.392,-0.00819483,0.00434774
-179.412,-0.00959609,0.0198047
-178.431,0.0144133,-0.00498767
-177.451,-0.015381,0.011998
-176.471,0.000884478,0.00370797
-175.49,0.00828967,-0.017446
-174.51,0.0240271,-0.0129701
-173.529,0.0373347,-0.0124001
-172.549,0.0134804,0.00267933
-171.569,0.00916559,0.0301904
-170.588,-0.00762708,0.00625466
-169.608,-0.00828767,-0.0160015
-168.627,-0.0039132,-0.0130659
-167.647,-0.00345344,0.00230095
-166.667,0.0162015,0.00861902
-165.686,-0.026503,-0.0114064
-164.706,-0.00491263,-0.0275358
-163.725,-0.0103644,-0.00796229
-162.745,-0.0318674,-0.00893391
-161.765,0.00322867,0.0027622
-160.784,0.0117185,-0.0363099
-159.804,-0.0222515,-0.00755381
-158.824,-0.0290202,-0.0315964
-157.843,0.00780456,0.027545
-156.863,-0.00844069,0.0205642
-155.882,0.0016154,0.0216969
-154.902,-0.0252472,-0.000517825
-153.922,0.00909948,-0.000218702
-152.941,0.0337039,0.0122728
-151.961,0.015581,0.00631338
-150.98,0.0213581,0.00866174
-150,-0.033339,0.00834706
-149.02,-0.00375992,-0.0526295
-148.039,0.0192521,-0.0153359
-147.059,-0.0244873,0.01487
-146.078,0.00156651,-0.0191267
-145.098,-0.0223367,0.0115818
-144.118,-0.00120634,0.00670651
-143.137,0.0176687,-0.00713052
-142.157,-0.00864859,-0.00546454
-141.176,0.00558516,-0.0309701
-140.196,-0.0156083,0.0430249
-139.216,-0.00335434,0.0239306
-138.235,-0.0245997,0.00520409
-137.255,0.00923372,0.0538988
-136.275,0.0154496,0.0259276
-135.294,-0.0149471,0.0129398
-134.314,0.0307744,-0.0199585
-133.333,0.00282536,-0.0523632
-132.353,0.0126363,-0.00963
-131.373,-0.0251166,0.0262665
-130.392,-0.0159387,0.0405957
-129.412,0.0250146,0.0384576
-128.431,-0.0215478,0.00303952
-127.451,-0.0318973,-0.00164518
-126.471,-0.0579558,0.0214648
-125.49,0.0403404,0.0134607
-124.51,-0.00410375,-0.000418853
-123.529,0.00297142,0.0198658
-122.549,0.0506529,0.0100853
-121.569,-0.0308193,0.00848707
-120.588,-0.0332047,-0.0157171
-119.608,-0.0271778,-0.0260521
-118.627,-0.000854013,0.0150204
-117.647,0.0211138,-0.0114701
-116.667,0.0127727,0.0258315
-115.686,0.0139791,-0.0134362
-114.706,0.0153938,-0.0436576
-113.725,-0.029013,-0.0384274
-112.745,0.0185078,0.0379193
-111.765,0.0280268,0.000188962
-110.784,-0.0199942,-0.0533425
-109.804,-0.0324772,0.0209496
-108.824,-0.0203214,0.0429787
-107.843,-0.00296942,0.00712565
-106.863,-0.0206984,0.0201718
-105.882,-0.0106788,-0.0311811
-104.902,-0.0426102,0.0151174
-103.922,-0.021544,0.00745943
-102.941,-0.00584254,-0.0201782
-101.961,-0.0121543,-0.0291528
-100.98,-0.0279847,0.0070803
-100,0.0188944,-0.0107778
-99.0196,0.00547337,0.0156884
-98.0392,0.00692085,-0.011358
-97.0588,0.00531199,-0.0111384
-96.0784,0.0525071,0.0434101
-95.098,-0.0330948,-0.0474004
-94.1176,-0.0150806,0.0222852
-93.1373,-0.0171902,-0.0117786
-92.1569,-0.0380868,-0.0113661
-91.1765,0.0130403,-0.0240872
-90.1961,0.0154777,0.00852986
-89.2157,-0.00375732,-0.0151997
-88.2353,-0.00429188,0.0410195
-87.2549,0.042475,-0.00470962
-86.2745,-0.0014344,0.00331516
-85.2941,-0.0304845,-0.00447838
-84.3137,0.00343266,-0.00491587
-83.3333,-0.0450982,-0.00560913
-82.3529,-0.017309,0.00380998
-81.3726,-0.0160021,0.00588123
-80.3922,-0.0171586,-0.00023463
-79.4118,-0.0349256,0.027056
-78.4314,0.00847779,0.00153572
-77.451,0.00998391,-0.0347227
-76.4706,-0.0469943,-0.0141644
-75.4902,-0.0181474,0.00914685
-74.5098,-0.0281074,-0.00114719
-73.5294,0.0292129,0.051356
-72.549,0.00487365,-0.00763368
-71.5686,0.0210479,0.017392
-70.5882,0.00933797,0.000789461
-69.6078,0.0131916,-0.0312449
-68.6274,0.0209448,0.0217022
-67.6471,0.0336846,-0.0173008
-66.6667,-0.0136943,0.00883447
-65.6863,-0.0214701,-0.00879318
-64.7059,0.0239654,-0.0266891
-63.7255,-0.0231879,-0.0111084
-62.7451,0.0185723,0.0815948
-61.7647,0.00240629,-0.0287255
-60.7843,0.0567011,-0.0378123
-59.8039,0.00646255,0.00786871
-58.8235,-0.00982571,-0.0253442
-57.8431,0.053141,-0.00974342
-56.8627,0.0172625,-0.00855037
-55.8824,-0.0585873,0.00744113
-54.902,-0.0614959,-0.0016604
-53.9216,0.0633281,-0.00841279
-52.9412,-0.0419623,-0.116132
-51.9608,-0.0315108,-0.0409862
-50.9804,-0.0401131,-0.0405738
-50,0.0254233,-0.0311548
-49.0196,-0.0114409,0.00759131
-48.0392,0.0606307,0.00990272
-47.0588,0.0578109,-0.036349
-46.0784,0.0224226,0.0105048
-45.098,0.0106487,-0.0575496
-44.1176,-0.0322508,-0.00393773
-43.1373,0.0154158,0.00118091
-42.1569,-0.0400745,0.0287051
-41.1765,0.0050714,-0.0251834
-40.1961,-0.0138738,0.00434696
-39.2157,-0.0580572,-0.00200121
-38.2353,-0.0149616,-0.079143
-37.2549,-0.0465976,0.0591289
-36.2745,-0.0663756,0.0509993
-35.2941,0.0597171,-0.0231492
-34.3137,0.0817905,0.0488198
-33.3333,-0.0187739,-0.0534631
-32.3529,-0.014991,-0.0205656
-31.3725,0.0192294,-0.0272205
-30.3922,-0.0376689,-0.0407876
-29.4118,-0.0339344,0.0147263
-28.4314,0.00419736,0.0367269
-27.451,0.0556276,-0.0287497
-26.4706,-0.0152217,-0.0549723
-25.4902,0.0156687,-0.0177585
-24.5098,-0.0196138,0.034079
-23.5294,-0.0352145,-0.0192296
-22.549,-0.0233194,-0.0139821
-21.5686,0.0183623,2.80421e-006
-20.5882,0.0113746,-0.0344484
-19.6078,0.0395084,-0.0227906
-18.6275,-0.00746637,0.0428566
-17.6471,0.0258029,-0.00989144
-16.6667,-0.0778694,-0.00118852
-15.6863,-0.0382594,0.026611
-14.7059,0.0654966,-0.0874164
-13.7255,0.000252353,0.0280134
-12.7451,0.0158003,0.0325831
-11.7647,-0.00885529,-0.0358194
-10.7843,0.0366284,-0.0291652
-9.80392,-0.0289558,0.0269543
-8.82353,0.0111135,-0.022333
-7.84314,0.0162869,0.0242513
-6.86275,0.0246485,-0.0359466
-5.88235,-0.00401003,-0.000626417
-4.90196,0.0515851,-0.0164512
-3.92157,0.0440976,-0.00108341
-2.94118,0.0121101,-0.0146635
-1.96078,0.016489,-0.00119326
-0.980392,-0.0160668,0.0166922
0,0.087896,0.0113608
0.980392,-0.0556033,-0.00512465
1.96078,0.0276732,-0.0213726
2.94118,0.0102789,0.0260015
3.92157,0.0343566,-0.000496886
4.90196,0.0425805,-0.0353537
5.88235,-0.0392366,-0.00902579
6.86275,-0.00899709,0.00426131
7.84314,0.0206223,-0.0602652
8.82353,0.00583149,0.00325273
9.80392,-0.0219985,-0.0612706
10.7843,0.00793107,0.0336641
11.7647,0.0118847,0.0389831
12.7451,0.000318756,-0.0452024
13.7255,0.00817747,-0.0179007
14.7059,0.0341647,0.0480478
15.6863,-0.0306219,0.00328075
16.6667,-0.0248233,0.00572371
17.6471,0.0342962,0.0240477
18.6275,-0.0106592,-0.0289088
19.6078,0.00120362,-0.000111282
20.5882,-0.0578491,0.0345312
21.5686,0.0211702,0.0258766
22.549,0.0134936,0.0639692
23.5294,0.00494303,0.0292297
24.5098,-0.00422291,-0.00786299
25.4902,0.00410076,0.0233241
26.4706,0.0330619,-0.0110937
27.451,0.0536518,-0.00596759
28.4314,0.0100383,0.0272849
29.4118,0.0362671,-0.02267
30.3922,-0.0432943,0.0268076
31.3725,0.00086239,-0.0322745
32.3529,0.0165037,0.000550031
33.3333,-0.0155766,0.00759326
34.3137,0.0151854,0.020357
35.2941,-0.00755739,0.025514
36.2745,0.00804089,0.0401048
37.2549,0.0287039,-0.018021
38.2353,-0.00838143,0.0296378
39.2157,0.0273658,0.01473
40.1961,-0.0240906,0.0290004
41.1765,-0.00128701,0.0321675
42.1569,0.046834,-0.0489604
43.1373,-0.0463693,-0.0207849
44.1176,-0.0349348,-0.00212089
45.098,-0.0669881,-0.00671224
46.0784,-0.00155719,-0.0100879
47.0588,-0.00224425,-0.00570448
48.0392,0.00248204,0.0205407
49.0196,-0.020081,0.0200984
50,0.0235494,0.0099671
50.9804,-0.0123215,-0.0394934
51.9608,-0.00384901,-0.0420885
52.9412,0.0133144,-0.04408
53.9216,0.0085932,0.0428709
54.902,0.0756049,-0.0229405
55.8824,-0.0118166,-0.0444481
56.8627,0.0362728,0.011802
57.8431,-0.032579,0.0296865
58.8235,-0.0275395,-0.0292616
59.8039,-0.0489472,-0.0264692
60.7843,0.012352,0.0152832
61.7647,-0.00885314,-0.000256586
62.7451,-0.0399892,-0.0175922
63.7255,0.0204104,-0.0564756
64.7059,-0.00585343,0.0132088
65.6863,-0.0269275,0.0382086
66.6667,0.0373186,-0.0214829
67.6471,-0.030667,0.0291446
68.6274,-0.0018235,-0.00659888
69.6078,0.00585592,-0.0195097
70.5882,0.0218343,-0.00851211
71.5686,-0.0511479,0.00433691
72.549,-0.0205938,-0.0124585
73.5294,0.00363385,0.0087143
74.5098,0.0402445,-0.00719571
75.4902,0.0143676,0.0106692
76.4706,0.00562243,0.0322769
77.451,0.0108447,-0.0459216
78.4314,0.0576624,0.0137882
79.4118,0.0282749,0.064328
80.3922,-0.0318243,0.0181753
81.3726,0.0162163,-0.0181231
82.3529,-0.0289629,-0.00441708
83.3333,-0.00590313,0.0026206
84.3137,-0.00865174,0.0392661
85.2941,-0.0190672,0.0128643
86.2745,0.0276583,-0.0418635
87.2549,-0.00400868,0.0436909
88.2353,0.00300643,-0.00161133
89.2157,0.0124609,-0.0334657
90.1961,0.0223531,0.0091846
91.1765,-0.0579583,0.0150028
92.1569,-0.0240291,0.0476034
93.1373,-0.0368993,-0.0201955
94.1176,0.0337065,0.0618753
95.098,0.0238958,-0.0087144
96.0784,0.0383671,0.000917066
97.0588,-0.00475399,-0.00443265
98.0392,0.0303069,0.00565659
99.0196,-0.0139018,0.0204467
100,0.0141476,0.0249641
100.98,-0.0474939,-0.025578
101.961,0.032098,-0.0136911
102.941,-0.0251593,-0.0196093
103.922,0.0124856,-0.0140613
104.902,0.02598,-0.0339354
105.882,0.03161,-0.00137536
106.863,-0.00613279,0.0128447
107.843,0.0190399,0.011026
108.824,-0.0297404,0.0192177
109.804,-0.00661599,0.0704069
110.784,0.00870286,0.0473907
111.765,0.0215475,0.0194832
112.745,0.0394545,-0.0167934
113.725,-0.00142043,0.0247571
114.706,-0.00319802,-0.00239804
115.686,-0.0196728,0.0158469
116.667,-0.00136956,0.0146804
117.647,-0.0136302,0.0199369
118.627,-0.00978693,-0.0341151
119.608,0.0268306,0.00402124
120.588,0.0216234,-0.00985317
121.569,0.0224513,-0.0334968
122.549,-0.00495478,0.0358683
123.529,7.79189e-005,0.00578923
124.51,0.0362279,0.010165
125.49,0.011878,0.00672933
126.471,-0.0250747,-0.0407516
127.451,-0.0113846,-0.00556435
128.431,0.000187564,0.000771525
129.412,-0.0140508,-0.000699894
130.392,-0.0119007,-0.0330122
131.373,0.0186865,0.0254034
132.353,0.0159212,-0.0400618
133.333,-0.00210904,0.0244995
134.314,-0.0277894,0.000993085
135.294,-0.00722161,-0.0164385
136.275,-0.000548575,-0.00635885
137.255,0.00674183,0.00668363
138.235,0.00465422,-0.0150199
139.216,-0.0324833,-0.0260817
140.196,-0.010395,-0.0124928
141.176,0.00244547,0.0343552
142.157,0.0171247,-0.0135185
143.137,0.0127844,0.027022
144.118,-0.0160712,-0.0126365
145.098,-0.0171871,-0.02583
146.078,0.00906543,-0.00659152
147.059,-0.0104527,-0.0129659
148.039,0.0278701,-0.047212
149.02,-0.0248261,0.00796319
150,-0.00745387,-0.0491045
150.98,0.0179361,0.0322067
151.961,0.0259523,-0.0115482
152.941,0.00378598,-0.0324882
153.922,0.00893315,0.0117002
154.902,-0.0164127,0.00853805
155.882,0.018901,0.0215337
156.863,0.000140402,-0.0192062
157.843,0.0127658,-0.00234834
158.824,-0.020134,-0.0138745
159.804,-0.00243463,0.0010906
160.784,0.00783661,0.00821246
161.765,-0.00972946,-0.0097743
162.745,0.013051,0.0142342
163.725,-0.00934215,0.0343129
164.706,0.00955521,0.0286767
165.686,-0.00778169,0.000244209
166.667,-0.033115,-0.00948762
167.647,0.00295665,0.00951036
168.627,-0.0148453,-0.00316565
169.608,0.0021611,0.0139636
170.588,-0.0192467,0.016965
171.569,-0.012651,0.0157194
172.549,0.00929366,-0.0064595
173.529,-0.00414441,0.00293229
174.51,-0.0133659,0.015542
175.49,0.0151382,-0.0061627
176.471,0.0308485,0.00981746
177.451,-0.0167217,0.000637508
178.431,-0.0089824,0.00646742
179.412,0.0315299,-0.0351554
180.392,0.0083581,0.0122014
181.373,0.0170203,-0.0111112
182.353,0.0123371,0.00561644
183.333,-0.00164656,-0.00426915
184.314,0.0214168,-0.0102826
185.294,0.0205768,0.0078757
186.275,0.013712,0.00958575
187.255,0.003429,-0.0215439
188.235,0.0256208,-0.0138053
189.216,0.00355006,-0.00921963
190.196,0.0045391,0.0329843
191.176,-0.000300614,0.0307099
192.157,-0.00333429,0.00489074
193.137,-0.0232502,0.000343765
194.118,-0.0399291,-0.0139052
195.098,0.0132196,-0.0159944
196.078,-0.00978171,-0.00600321
197.059,-0.00336316,0.0126424
198.039,0.0197755,-0.00375822
199.02,0.00588949,-0.019279
200,0.0112808,-0.0114201
200.98,0.0132035,-0.0214698
201.961,0.0110062,0.00156187
202.941,-0.00877807,-0.0059628
203.922,0.00736619,0.00142744
204.902,0.0143257,0.00497144
205.882,0.001148,0.024609
206.863,-0.029699,0.000665618
207.843,0.00289694,-0.0130651
208.824,-0.0127306,0.00685351
209.804,0.00862832,-0.0161738
210.784,-0.0143198,-0.00122814
211.765,0.0125062,-0.00610343
212.745,-0.000479046,-0.00210195
213.725,-0.00355448,-0.00203395
214.706,0.00398997,0.0155887
215.686,-0.0126165,0.00165899
216.667,0.00488001,-0.00191391
217.647,-0.00229691,0.00663418
218.627,0.00835853,0.00154272
219.608,-0.00709592,-0.00678538
220.588,-0.000751553,-0.00186694
221.569,-0.00202757,-0.0122236
222.549,0.00838981,0.0143764
223.529,-0.00589311,0.0226152
224.51,-0.00213827,0.00668751
225.49,-0.013201,0.00869136
226.471,0.00176716,0.00881001
227.451,-0.00398563,0.0067165
228.431,-0.00426539,-0.00310199
229.412,-0.0118311,-0.00881463
230.392,0.0139445,0.00273249
231.373,-0.0101536,0.00793394
232.353,0.0124599,-0.00314381
233.333,-0.0119016,-0.00260186
234.314,-0.00399304,0.0044778
235.294,-0.00672325,0.00392648
236.275,0.00034355,-0.00972129
237.255,0.0089028,0.00269747
238.235,0.0117546,-0.00549153
239.216,-0.000681197,-0.00235347
240.196,0.00336034,0.0147357
241.176,-0.00777078,-0.0086534
242.157,-0.00706649,-0.00537239
243.137,-0.00387041,0.0114782
244.118,-0.00753959,0.000313289
245.098,-0.0140566,0.000929106
246.078,-0.0134516,-0.0159947
247.059,-0.000558199,0.0032352
248.039,-0.00476059,0.00739553
249.02,-0.000325613,0.00793852
250,0.00911272,0.00609904
250.98,0.00373982,-0.0201044
251.961,-0.0023218,0.00641053
252.941,0.00247127,0.00627238
253.922,0.0017149,-0.000785777
254.902,-0.00212794,-0.00709044
255.882,-0.00559344,-0.000609439
256.863,0.00269977,-0.00667659
257.843,0.00283786,0.0022632
258.824,0.00506817,-0.00845324
259.804,0.00472918,-0.00438893
260.784,0.00269137,0.00567202
261.765,0.00899173,0.00255689
262.745,0.00503291,0.00797413
263.725,0.000789975,-0.00465416
264.706,0.00197496,0.00493528
265.686,-0.00435087,-0.004491
266.667,-0.00742367,-0.000753622
267.647,0.00815205,0.00100709
268.627,0.00270452,-0.00907649
269.608,0.000656879,0.00551015
270.588,0.000148363,-0.000913101
271.569,-0.000819176,-0.0103968
272.549,0.00222891,0.00206618
273.529,0.00330474,-0.000804343
274.51,0.00848876,-0.00736415
275.49,-0.000537438,0.0043647
276.471,0.00368791,-0.0054259
277.451,0.00187906,0.00136059
278.431,0.00443124,0.00811078
279.412,0.00695811,4.30534e-005
280.392,-0.00123117,0.00532194
281.373,0.00256993,-0.00422929
282.353,0.00346555,0.00140499
283.333,-0.000594464,0.00771832
284.314,0.00985579,0.00275579
285.294,-0.000666472,0.0034783
286.275,0.00480989,0.00441755
287.255,0.00423318,0.000954133
288.235,-0.00272392,0.0026799
289.216,0.00195752,-0.00474185
290.196,-0.00365626,0.00122749
291.176,-0.00170497,0.000716962
292.157,-0.000986064,-0.00173976
293.137,-0.00110443,-0.00171216
294.118,0.00226393,0.00207104
295.098,-1.92711e-005,0.00080809
296.078,0.00369676,0.000514779
297.059,-0.00178035,-0.000149505
298.039,-0.000203283,-0.00305885
299.02,-0.00125298,0.00117121
300,0.0014932,0.00267503
300.98,6.7916e-005,-0.000496512
301.961,0.000112734,0.00224881
302.941,-0.000435464,-0.000681575
303.922,4.10047e-005,0.00377949
304.902,0.00575265,7.2242e-005
305.882,0.00081965,0.00353091
306.863,0.00270239,0.00044448
307.843,0.00119255,0.0024388
308.824,0.00334248,0.00072474
309.804,-0.00192061,0.00121414
310.784,-0.000141159,0.00134382
311.765,0.00199649,0.00360536
312.745,-0.000435514,-0.000197843
313.725,-0.000256207,0.000475695
314.706,-0.000637283,-0.00126377
315.686,1.0514e-005,-0.00095737
316.667,0.00149146,-0.00257013
317.647,0.000104062,0.000685887
318.627,0.000384494,-0.00129996
319.608,0.00109714,-0.000807306
320.588,6.30057e-006,-0.000630909
321.569,0.00177756,0.00115731
322.549,0.000846749,0.000977283
323.529,0.0016047,0.000791405
324.51,0.00172649,0.00100038
325.49,-0.000972548,0.00134179
326.471,0.00033188,-0.000949288
327.451,-0.00089611,-0.00193345
328.431,0.00028136,0.000301438
329.412,0.00068734,0.000806707
330.392,-0.000519304,0.00112813
331.373,0.00195334,-0.00151623
332.353,-0.00159576,-0.00153991
333.333,0.00133858,5.62325e-005
334.314,-0.00130469,-0.00158915
335.294,0.000269201,-0.000527491
336.275,0.000886679,0.000891012
337.255,0.000789301,0.000675136
338.235,0.00238867,-0.000577967
339.216,0.000544244,0.00102833
340.196,-8.03843e-005,-0.000407091
341.176,0.000302708,-0.000294773
342.157,0.00107821,0.000888681
343.137,0.000216038,-0.000475921
344.118,0.001009,0.000652712
345.098,0.000267483,0.00194942
346.078,3.1208e-005,0.000409539
347.059,0.000287498,0.000920348
348.039,0.001849,-0.000119165
349.02,-0.000441845,-0.000165551
350,0.00101567,-0.000586494
350.98,3.90297e-005,0.00027556
351.961,0.000370005,-0.000352682
352.941,7.09643e-005,0.000396881
353.922,0.00088362,-0.000158645
354.902,-0.00036117,-0.000479987
355.882,0.000570932,0.000610532
356.863,0.00192535,0.000656584
357.843,-7.74155e-006,0.000433741
358.824,0.000830325,0.000213763
359.804,0.000164105,0.000711954
360.784,0.000924247,-0.000402922
361.765,-0.000358022,0.000287554
362.745,0.000508906,5.70948e-005
363.725,0.000481204,-3.00906e-005
364.706,0.000214441,-0.000301249
365.686,0.00028911,9.05104e-005
366.667,0.000117048,0.000171821
367.647,0.000129427,0.000135669
368.627,-0.000367092,0.00125775
369.608,9.10537e-005,-0.000279399
370.588,0.000550126,2.74077e-006
371.569,0.000177133,-0.00047558
372.549,-3.43545e-005,-0.000141245
373.529,1.83632e-005,0.000290522
374.51,0.000381339,0.000304646
375.49,0.00135817,0.00028928
376.471,0.000575553,0.000418028
377.451,-0.00014194,0.000219379
378.431,3.27705e-005,-0.000270908
379.412,0.000375321,8.67828e-005
380.392,0.00024811,-0.000158698
381.373,0.000203268,-7.70047e-005
382.353,0.000583175,-0.000189607
383.333,-9.25e-005,0.00052301
384.314,0.000196819,-0.000172942
385.294,5.369e-005,0.000117563
386.275,0.000114143,0.000105277
387.255,6.30747e-005,-0.000293105
388.235,0.000391918,0.000350362
389.216,7.37951e-005,-0.000109601
390.196,0.00022225,-0.000270642
391.176,0.000319761,5.14192e-005
392.157,0.000324145,-2.43326e-005
393.137,0.000155821,-9.96881e-005
394.118,0.000216639,8.37374e-006
395.098,-7.64413e-005,-4.99295e-005
396.078,0.000504654,9.9039e-005
397.059,-8.75521e-006,-0.000155018
398.039,0.000141234,-4.47641e-005
399.02,0.000355597,-1.88442e-005
400,0.000186995,-0.000114148
400.98,0.000484042,-9.07299e-005
401.961,0.000157099,-9.42618e-005
402.941,0.000100418,5.3773e-005
403.922,0.000208848,-0.000307001
404.902,0.000115444,-8.77235e-005
405.882,0.000463705,-0.000138113
406.863,9.41912e-005,4.40893e-005
407.843,0.000111443,-9.02254e-005
408.824,0.000268498,1.2719e-005
409.804,0.000222788,-9.6951e-005
410.784,0.000199678,-0.000151124
411.765,0.000160804,5.79052e-005
412.745,0.000306111,-0.000142215
413.725,0.00020983,-0.000227531
414.706,0.000255677,-9.02543e-006
415.686,0.00011897,-0.000141252
416.667,0.000251454,3.45566e-005
417.647,0.000210304,-6.21857e-005
418.627,0.000275573,-5.7484e-005
419.608,0.000265921,-0.000200609
420.588,0.000306341,-0.000169182
421.569,0.00020197,-0.000147753
422.549,0.000142658,6.61587e-005
423.529,7.59209e-005,-0.000141163
424.51,0.000179215,6.19808e-005
425.49,0.000107912,-1.42645e-005
426.471,0.00019297,-1.24796e-005
427.451,0.000209974,-0.000165102
428.431,4.08646e-005,-5.09318e-005
429.412,0.000253077,2.83067e-005
430.392,5.81287e-005,-0.00011088
431.373,0.000276027,-0.000123867
432.353,0.000198274,-5.91516e-006
433.333,0.000132986,-0.000122809
434.314,0.000162904,-0.000219302
435.294,-1.19623e-006,-2.0492e-005
436.275,0.000194262,-5.63099e-005
437.255,5.19863e-005,-8.12048e-005
438.235,0.00017584,-0.000108734
439.216,-4.09086e-005,-0.000222097
440.196,0.0001687,-7.50586e-005
441.176,0.000140959,-8.97132e-005
442.157,0.000114052,-6.12509e-005
443.137,0.00016364,4.28554e-008
444.118,0.0001858,-1.07077e-005
445.098,0.000114402,-9.35839e-005
446.078,0.000131469,-2.59496e-005
447.059,6.74327e-005,-7.27175e-005
448.039,0.000210775,1.16681e-005
449.02,0.000161645,-0.000139925
450,5.47167e-005,-5.8658e-005
450.98,0.000284456,-6.16436e-005
451.961,8.40882e-005,-2.96837e-005
452.941,0.000140031,-0.00011902
453.922,0.000169843,-0.000284821
454.902,7.55477e-006,-0.000110484
455.882,0.000106115,-1.16945e-005
456.863,0.000140995,-0.000218693
457.843,3.18391e-005,-0.000106328
458.824,0.000173716,-2.16268e-005
459.804,4.53491e-005,4.15458e-005
460.784,-5.51541e-005,-4.17323e-005
461.765,-0.000143574,-0.000113187
462.745,0.000288405,-0.000138372
463.725,-2.66401e-005,-0.000150635
464.706,5.98877e-005,-0.000155635
465.686,0.000220851,-0.000140803
466.667,0.000112131,-0.00016653
467.647,0.000107105,-4.2101e-005
468.627,-5.37272e-005,-6.93364e-005
469.608,0.000214058,-0.000179955
470.588,-6.74988e-005,-1.73069e-005
471.569,6.81948e-005,-9.8935e-005
472.549,6.25898e-005,-0.00023489
473.529,0.000124249,-0.000124331
474.51,-8.32129e-007,-0.000158022
475.49,-1.78483e-005,-0.000286698
476.471,0.00015077,-4.87637e-006
477.451,5.98683e-005,-8.82308e-005
478.431,2.31411e-005,-9.29992e-005
479.412,5.92102e-005,-0.00013966
480.392,8.33795e-005,-0.000188465
481.373,0.000147062,-0.000234447
482.353,2.58919e-005,3.02276e-005
483.333,0.000198953,-0.000115639
484.314,6.65557e-005,-0.000143503
485.294,8.62645e-005,-0.000112802
486.275,9.22002e-005,-0.000232668
487.255,-6.79045e-006,-8.07242e-005
488.235,9.17147e-005,-8.41307e-005
489.216,0.000114143,-7.67634e-005
490.196,-0.000124442,-0.000431915
491.176,1.1991e-006,-0.000124008
492.157,7.40427e-005,-0.00014158
493.137,9.4741e-005,-2.89103e-005
494.118,1.54161e-005,-1.4564e-005
495.098,7.45383e-005,-1.92467e-005
496.078,7.52072e-005,-8.41526e-005
497.059,-8.36669e-005,-0.000165695
498.039,2.55018e-006,-0.000169287
499.02,-3.76689e-005,-0.000273305
500,1.62686e-005,-0.000134839
500.98,8.84789e-005,-0.000115054
