100,287.351
200,283.066
300,279.66
400,279.783
500,279.652
600,279.944
700,280.197
800,279.447
900,278.516
1000,276.811
1100,275.634
1200,274.529
1300,273.839
1400,273.364
1500,272.702
1600,272.129
1700,271.224
1800,270.537
1900,269.65
2000,268.703
2100,268.26
2200,267.306
2300,266.862
2400,266.076
2500,265.452
2600,264.589
2700,263.641
2800,262.898
2900,262.291
3000,261.185
3100,260.623
3200,260.1
3300,259.61
3400,258.618
3500,257.987
3600,256.996
3700,256.373
3800,255.417
3900,254.952
4000,254.332
4100,253.626
4200,253.021
4300,252.468
4400,251.767
4500,251.115
4600,250.068
4700,249.524
4800,248.982
4900,248.164
5000,247.549
5100,246.463
5200,245.832
5300,245.407
5400,244.7
5500,244.214
5600,243.526
5700,242.514
5800,241.874
5900,241.121
6000,240.548
6100,239.83
6200,239.445
6300,238.838
6400,238.217
6500,236.967
6600,236.401
6700,235.94
6800,235.39
6900,234.837
7000,234.07
7100,233.145
7200,232.406
7300,231.959
7400,231.208
7500,230.72
7600,230.397
7700,229.551
7800,229.105
7900,228.162
8000,227.611
8100,226.772
8200,226.325
8300,225.607
8400,225.073
8500,224.276
8600,223.708
8700,223.292
8800,222.664
8900,222.04
9000,221.503
9100,221.028
9200,220.095
9300,219.458
9400,218.999
9500,218.414
9600,217.877
9700,217.299
9800,216.674
9900,215.754
10000,215.445
10100,214.745
10200,214.221
10300,213.694
10400,213.136
10500,212.846
10600,212.177
10700,211.26
10800,210.748
10900,209.823
11000,209.386
11100,208.788
11200,208.44
11300,207.679
11400,206.97
11500,206.626
11600,206.078
11700,205.471
11800,204.935
11900,203.812
12000,203.215
12100,202.856
12200,202.323
12300,201.754
12400,201.017
12500,200.709
12600,200.011
12700,199.589
12800,199.089
12900,198.346
13000,197.497
13100,197.068
13200,196.531
13300,195.796
13400,195.499
13500,194.743
13600,194.149
13700,193.835
13800,193.427
13900,192.933
14000,192.26
14100,191.352
14200,190.458
14300,190.085
14400,189.818
14500,189.242
14600,188.91
14700,187.933
14800,187.646
14900,186.968
15000,186.172
15100,185.954
15200,185.255
15300,184.927
15400,184.166
15500,183.864
15600,183.461
15700,182.9
15800,182.406
15900,181.513
16000,181.12
16100,180.337
16200,179.74
16300,179.195
16400,178.768
16500,178.185
16600,177.685
16700,176.99
16800,176.517
16900,176.171
17000,176.023
17100,175.353
17200,174.888
17300,174.362
17400,173.796
17500,173.389
17600,172.902
17700,172.437
17800,172.008
17900,171.527
18000,171.07
18100,170.627
18200,170.157
18300,169.336
18400,169.076
18500,168.482
18600,168.179
18700,167.674
18800,166.892
18900,166.525
19000,165.744
19100,165.724
19200,165.083
19300,164.577
19400,164.266
19500,163.756
19600,163.192
19700,162.89
19800,162.265
19900,161.805
20000,161.672
20100,161.286
20200,160.831
20300,160.312
20400,159.715
20500,159.578
20600,158.702
20700,158.307
20800,157.508
20900,157.272
21000,156.838
21100,156.616
21200,155.776
21300,155.144
21400,154.945
21500,154.458
21600,153.942
21700,153.147
21800,153.006
21900,152.571
22000,152.096
22100,151.927
22200,151.211
22300,150.949
22400,150.231
22500,150.021
22600,149.42
22700,148.889
22800,148.428
22900,148.033
23000,147.664
23100,147.062
23200,146.629
23300,146.152
23400,145.57
23500,144.886
23600,144.825
23700,144.005
23800,143.662
23900,143.264
24000,142.871
24100,142.504
24200,142.058
24300,141.75
24400,141.283
24500,141.011
24600,140.671
24700,140.347
24800,139.456
24900,139.306
25000,138.734
25100,138.387
25200,137.96
25300,137.42
25400,136.834
25500,136.137
25600,136.017
25700,135.544
25800,135.399
25900,135.158
26000,134.722
26100,133.977
26200,133.501
26300,132.869
26400,132.502
26500,132.275
26600,131.799
26700,131.484
26800,131.033
26900,130.63
27000,130.34
27100,129.969
27200,129.617
27300,129.334
27400,129.122
27500,128.344
27600,128.193
27700,127.778
27800,127.5
27900,127.181
28000,126.738
28100,126.27
28200,125.711
28300,125.597
28400,125.252
28500,125.119
28600,124.551
28700,124.18
28800,123.875
28900,123.701
29000,123.057
29100,122.74
29200,122.135
29300,121.837
29400,121.455
29500,121.261
29600,120.919
29700,120.654
29800,120.22
29900,120.011
30000,119.575
30100,119.247
30200,119.047
30300,118.666
30400,118.196
30500,117.945
30600,117.74
30700,117.419
30800,117.156
30900,116.943
31000,116.598
31100,116.062
31200,115.814
31300,115.45
31400,115.203
31500,114.922
31600,114.58
31700,114.154
31800,113.982
31900,113.54
32000,113.173
32100,112.767
32200,112.584
32300,112.189
32400,111.719
32500,111.383
32600,111.287
32700,110.64
32800,110.447
32900,110.205
33000,109.793
33100,109.456
33200,109.166
33300,108.476
33400,108.227
33500,107.854
33600,107.854
33700,107.367
33800,107.143
33900,106.619
34000,106.545
34100,106.107
34200,106.03
34300,105.511
34400,105.395
34500,105.018
34600,104.679
34700,104.386
34800,103.816
34900,103.62
35000,103.35
35100,103.021
35200,102.778
35300,102.31
35400,102.102
35500,101.865
35600,101.54
35700,101.214
35800,101.086
35900,100.919
36000,100.521
36100,100.406
36200,99.7827
36300,99.5328
36400,99.5089
36500,99.0728
36600,98.8202
36700,98.5084
36800,98.0293
36900,97.9884
37000,97.6942
37100,97.3577
37200,97.1515
37300,96.7551
37400,96.6707
37500,96.3855
37600,95.9353
37700,95.7624
37800,95.7395
37900,95.4072
38000,95.0136
38100,94.8508
38200,94.4884
38300,94.2738
38400,93.9595
38500,93.792
38600,93.4994
38700,93.2121
38800,93.0627
38900,92.6964
39000,92.4956
39100,92.3154
39200,92.0277
39300,91.5302
39400,91.5286
39500,91.0274
39600,90.7963
39700,90.8408
39800,90.6206
39900,90.2139
40000,89.9451
40100,89.6587
40200,89.3157
40300,89.2604
40400,88.9447
40500,88.4441
40600,88.4451
40700,88.1218
40800,87.7855
40900,87.8517
41000,87.4591
41100,87.1594
41200,87.0687
41300,86.7192
41400,86.5618
41500,86.4167
41600,86.2764
41700,85.8846
41800,85.628
41900,85.3096
42000,85.2608
42100,84.9885
42200,84.6243
42300,84.4476
42400,84.1389
42500,84.02
42600,83.757
42700,83.5957
42800,83.0839
42900,82.9484
43000,82.4946
43100,82.3797
43200,82.2003
43300,81.7061
43400,81.5842
43500,80.9047
43600,80.7727
43700,80.4035
43800,80.1767
43900,79.8296
44000,79.8762
44100,79.4492
44200,79.2132
44300,78.9299
44400,78.7638
44500,78.6727
44600,78.4899
44700,78.1869
44800,77.936
44900,77.8299
45000,77.5448
45100,77.5561
45200,77.2129
45300,77.032
45400,76.6295
45500,76.5042
45600,76.1567
45700,75.9328
45800,75.9716
45900,75.7727
46000,75.6063
46100,75.1982
46200,75.0929
46300,74.6922
46400,74.619
46500,74.459
46600,74.156
46700,73.7701
46800,73.6724
46900,73.5548
47000,73.3463
47100,73.2068
47200,72.9848
47300,72.616
47400,72.5228
47500,72.3873
47600,72.1387
47700,71.9852
47800,71.7852
47900,71.5148
48000,71.3131
48100,71.0434
48200,70.8979
48300,70.6931
48400,70.6036
48500,70.3959
48600,70.2154
48700,69.7311
48800,69.7036
48900,69.5706
49000,69.3218
49100,69.1119
49200,68.9958
49300,68.9052
49400,68.7705
49500,68.4169
49600,68.2861
49700,67.9434
49800,67.8514
49900,67.5756
50000,67.6311
50100,67.3092
50200,67.1073
50300,66.7892
50400,66.5364
50500,66.3197
50600,66.2233
50700,66.1171
50800,65.764
50900,65.5411
51000,65.5866
51100,65.4092
51200,65.3224
51300,65.0387
51400,64.7188
51500,64.7322
51600,64.4735
51700,64.3061
51800,64.0561
51900,64.1087
52000,63.9278
52100,63.6956
52200,63.5267
52300,63.2191
52400,62.9996
52500,62.7141
52600,62.7379
52700,62.562
52800,62.3743
52900,62.2776
53000,62.0311
53100,61.76
53200,61.4783
53300,61.2987
53400,61.1741
53500,61.151
53600,61.0437
53700,60.9343
53800,60.6707
53900,60.6457
54000,60.2935
54100,60.1353
54200,59.941
54300,59.7951
54400,59.4314
54500,59.4175
54600,59.1665
54700,59.1218
54800,58.7225
54900,58.7569
55000,58.4625
55100,58.6118
55200,58.3414
55300,58.0882
55400,57.8089
55500,57.5807
55600,57.2879
55700,57.2768
55800,57.2325
55900,57.2074
56000,57.0414
56100,56.5887
56200,56.5614
56300,56.1855
56400,56.0361
56500,55.8191
56600,55.8359
56700,55.7228
56800,55.6985
56900,55.4828
57000,55.056
57100,55.0957
57200,54.9545
57300,54.8687
57400,54.5098
57500,54.2845
57600,54.2547
57700,54.0915
57800,54.0288
57900,53.6533
58000,53.7432
58100,53.5016
58200,53.3545
58300,53.1862
58400,52.8911
58500,52.757
58600,52.7487
58700,52.6154
58800,52.3916
58900,52.3196
59000,52.2763
59100,52.0982
59200,51.9239
59300,51.7449
59400,51.2908
59500,51.21
59600,51.1905
59700,51.0511
59800,50.9105
59900,50.5835
60000,50.7163
60100,50.3737
60200,50.3671
60300,50.004
60400,49.8332
60500,49.9125
60600,49.7494
60700,49.6498
60800,49.5001
60900,49.2219
61000,49.3304
61100,49.2567
61200,48.7954
61300,48.8922
61400,48.6651
61500,48.4259
61600,48.4563
61700,48.4301
61800,48.2366
61900,48.0977
62000,47.9469
62100,47.8255
62200,47.6637
62300,47.5043
62400,47.3322
62500,47.4288
62600,47.3209
62700,46.9961
62800,46.792
62900,46.7204
63000,46.6897
63100,46.4424
63200,46.496
63300,46.3466
63400,46.1179
63500,46.0152
63600,45.5533
63700,45.5009
63800,45.4338
63900,45.5141
64000,45.3936
64100,45.1662
64200,45.0724
64300,44.7859
64400,44.7993
64500,44.6722
64600,44.7396
64700,44.4699
64800,44.0835
64900,44.0299
65000,43.835
65100,43.6632
65200,43.7089
65300,43.7407
65400,43.2288
65500,43.2556
65600,42.9065
65700,43.0106
65800,43.1462
65900,42.9217
66000,42.7683
66100,42.6271
66200,42.3174
66300,42.3776
66400,42.2135
66500,42.0147
66600,42.0413
66700,41.9284
66800,41.7648
66900,41.7533
67000,41.5868
67100,41.5745
67200,41.5891
67300,41.3068
67400,40.8143
67500,40.9253
67600,40.863
67700,40.8181
67800,40.7258
67900,40.6244
68000,40.5024
68100,40.3741
68200,40.3772
68300,40.1589
68400,40.1031
68500,39.8948
68600,39.839
68700,39.8309
68800,39.6245
68900,39.2049
69000,39.3129
69100,39.2289
69200,39.1533
69300,38.8802
69400,38.8249
69500,38.6814
69600,38.4513
69700,38.4296
69800,38.5478
69900,38.4232
70000,38.2728
70100,38.0742
70200,37.8524
70300,37.8305
70400,37.5497
70500,37.4773
70600,37.5041
70700,37.4886
70800,37.3847
70900,37.5252
71000,37.1039
71100,36.991
71200,36.717
71300,36.8118
71400,36.8947
71500,36.7954
71600,36.5342
71700,36.4788
71800,36.3612
71900,36.2784
72000,36.0339
72100,36.0545
72200,35.8118
72300,35.8278
72400,35.8031
72500,35.8123
72600,35.9242
72700,35.6043
72800,35.3804
72900,34.9984
73000,35.0669
73100,34.9905
73200,35.0532
73300,34.9878
73400,34.8943
73500,34.7328
73600,34.5964
73700,34.3772
73800,34.291
73900,34.2889
74000,34.4667
74100,34.3088
74200,34.2484
74300,33.8888
74400,33.6439
74500,33.6809
74600,33.7099
74700,33.5872
74800,33.6036
74900,33.3647
75000,33.1122
75100,33.1461
75200,33.0468
75300,32.9199
75400,32.9158
75500,32.859
75600,32.7505
75700,32.6058
75800,32.523
75900,32.3708
76000,32.2823
76100,32.2063
76200,32.1771
76300,32.1187
76400,31.9992
76500,31.8685
76600,31.8437
76700,31.6854
76800,31.6331
76900,31.4766
77000,31.1086
77100,31.2131
77200,31.1275
77300,30.9741
77400,31.1304
77500,30.9538
77600,30.7921
77700,30.6428
77800,30.8823
77900,30.6845
78000,30.6526
78100,30.4703
78200,30.2776
78300,30.2089
78400,30.1991
78500,29.9905
78600,30.0471
78700,30.0349
78800,29.7436
78900,29.6248
79000,29.5591
79100,29.4175
79200,29.3853
79300,29.2257
79400,29.4352
79500,29.2627
79600,29.0909
79700,29.078
79800,28.8389
79900,28.8523
80000,28.6844
80100,28.6365
80200,28.8364
80300,28.7636
80400,28.6408
80500,28.3266
80600,27.9929
80700,28.2501
80800,28.2263
80900,28.3178
81000,28.1671
81100,27.8897
81200,27.7279
81300,27.7791
81400,27.8301
81500,27.8283
81600,27.7281
81700,27.7311
81800,27.4773
81900,27.2322
82000,27.1282
82100,27.1672
82200,27.0217
82300,27.0974
82400,27.0815
82500,26.9849
82600,26.6697
82700,26.6571
82800,26.7377
82900,26.5993
83000,26.6482
83100,26.4365
83200,26.3902
83300,26.3535
83400,26.1186
83500,26.2746
83600,26.1848
83700,26.2555
83800,26.0868
83900,25.7776
84000,25.6147
84100,25.6968
84200,25.422
84300,25.7242
84400,25.5066
84500,25.541
84600,25.3397
84700,25.3067
84800,25.2573
84900,25.0236
85000,24.9386
85100,25.0547
85200,24.9384
85300,24.8681
85400,24.7189
85500,24.6485
85600,24.6675
85700,24.6836
85800,24.6847
85900,24.5233
86000,24.3139
86100,24.3044
86200,24.2638
86300,24.1527
86400,23.9417
86500,24.0671
86600,23.972
86700,23.8384
86800,23.7471
86900,23.8731
87000,23.6937
87100,23.6446
87200,23.6582
87300,23.7384
87400,23.5021
87500,23.4329
87600,23.404
87700,23.2219
87800,23.044
87900,22.9794
88000,23.1785
88100,23.1946
88200,23.0497
88300,22.798
88400,22.9177
88500,22.6828
88600,22.5718
88700,22.6669
88800,22.5182
88900,22.3577
89000,22.5992
89100,22.4846
89200,22.2724
89300,22.183
89400,22.1037
89500,22.001
89600,21.9568
89700,21.959
89800,22.1085
89900,21.8183
90000,21.7964
90100,21.743
90200,21.6865
90300,21.68
90400,21.7201
90500,21.5436
90600,21.4357
90700,21.3294
90800,21.3431
90900,21.263
91000,21.3155
91100,21.2543
91200,21.1624
91300,21.0382
91400,20.9783
91500,21.1371
91600,20.9241
91700,20.7053
91800,20.8114
91900,20.8054
92000,20.5722
92100,20.493
92200,20.5187
92300,20.4045
92400,20.4163
92500,20.4868
92600,20.345
92700,20.4089
92800,20.245
92900,20.227
93000,20.0769
93100,19.9289
93200,20.0365
93300,19.909
93400,19.8071
93500,19.825
93600,19.8084
93700,19.749
93800,19.7026
93900,19.5778
94000,19.4097
94100,19.3258
94200,19.2853
94300,19.4298
94400,19.4736
94500,19.4178
94600,19.3712
94700,19.2154
94800,19.0386
94900,19.0057
95000,19.071
95100,19.014
95200,18.9574
95300,18.7708
95400,18.9438
95500,18.8207
95600,18.7765
95700,18.6112
95800,18.5681
95900,18.6055
96000,18.5744
96100,18.4413
96200,18.5575
96300,18.2489
96400,18.2688
96500,18.2307
96600,18.2765
96700,18.0697
96800,18.0731
96900,18.2199
97000,18.0686
97100,18.0545
97200,17.8448
97300,17.7912
97400,17.8185
97500,17.8917
97600,17.6104
97700,17.6231
97800,17.5991
97900,17.4188
98000,17.5304
98100,17.4007
98200,17.3462
98300,17.2478
98400,17.3769
98500,17.2153
98600,17.1734
98700,17.1797
98800,17.2764
98900,17.1322
99000,17.0297
99100,16.9753
99200,17.0513
99300,16.8287
99400,16.7251
99500,16.5686
99600,16.6007
99700,16.5704
99800,16.6177
99900,16.5991
100000,16.4511
